{
"companyName": "Genius Productions",
"productName": "Spell Bee",
"productVersion": "0.1",
"dataUrl": "Builds.data.unityweb",
"wasmCodeUrl": "Builds.wasm.code.unityweb",
"wasmFrameworkUrl": "Builds.wasm.framework.unityweb",
"graphicsAPI": ["WebGL 2.0","WebGL 1.0"],
"webglContextAttributes": {"preserveDrawingBuffer": false},
"splashScreenStyle": "Dark",
"backgroundColor": "#231F20",
"cacheControl": {"default": "must-revalidate"},
"developmentBuild": false,
"multithreading": false,
"unityVersion": "2019.4.28f1"
}